Workbook

Sheet Listing vierge
A1: Bien / Type de bien | B1: Bien / Référence patrimoine | C1: Adresse / Adresse | D1: Adresse / Code postale | E1: Adresse / Ville | F1: Adresse / Complément | G1: Bâtiment / Nom | H1: Bâtiment / Référence patrimoine | I1: Bâtiment / Nb étage | J1: Bâtiment / Références cadastrales | K1: Bâtiment / Date de permis de construire | L1: Bâtiment / Date de construction | M1: Bâtiment / Est une copropriété | N1: Bâtiment / Etat | O1: Bâtiment / Type de chauffage | P1: Logement / Type | Q1: Logement / Référence patrimoine | R1: Logement / Etage | S1: Logement / Numéro | T1: Logement / Superficie | U1: Logement / Type de chauffage | V1: Logement / Date de libération du logement | W1: Logement / Invariant fiscal | X1: Contact sur place / Civilité | Y1: Contact sur place / Nom | Z1: Contact sur place / Prénom | AA1: Contact sur place / Téléphone | AB1: Contact sur place / Mail | AC1: Annexe / Type d'Annexe | AD1: Annexe / Référence patrimoine | AE1: Annexe / Étage | AF1: Annexe / Superficie | AG1: Annexe / Est une partie commune | AH1: Annexe / Type de chauffage
A2: Immeuble | C2: 9 RUE DES MUGUETS | D2: 31700 | E2: BLAGNAC | G2: N/A | P2: T4 | Q2: 35002242 | S2: 2242 | U2: Non communiqué | V2: 45524 | W2: 546718424677
A3: Immeuble | C3: 9 RUE DES MUGUETS | D3: 31700 | E3: BLAGNAC | G3: N/A | P3: T4 | Q3: 35002244 | S3: 2244 | U3: Non communiqué | W3: 325456257671
A4: Immeuble | C4: 9 RUE DES MUGUETS | D4: 31700 | E4: BLAGNAC | G4: N/A | P4: T4 | Q4: 35002245 | S4: 2245 | U4: Non communiqué | W4: 875613452376
A5: Immeuble | C5: 9 RUE DES MUGUETS | D5: 31700 | E5: BLAGNAC | G5: N/A | P5: T4 | Q5: 35002246 | S5: 2246 | U5: Non communiqué | W5: 437586195286
A6: Immeuble | C6: 9 RUE DES MUGUETS | D6: 31700 | E6: BLAGNAC | G6: N/A | P6: T4 | Q6: 35002250 | S6: 2250 | U6: Non communiqué | W6: 351625577572
A7: Immeuble | C7: 9 RUE DES MUGUETS | D7: 31700 | E7: BLAGNAC | G7: N/A | P7: T4 | Q7: 35002251 | S7: 2251 | U7: Non communiqué | W7: 545412313454
A8: Immeuble | C8: 9 RUE DES MUGUETS | D8: 31700 | E8: BLAGNAC | G8: N/A | P8: T4 | Q8: 35002252 | S8: 2252 | U8: Non communiqué | W8: 356894847878
A9: Immeuble | C9: 9 RUE DES MUGUETS | D9: 31700 | E9: BLAGNAC | G9: N/A | P9: T4 | Q9: 35002253 | S9: 2253 | U9: Non communiqué | W9: 747845645868
A10: Immeuble | C10: 9 RUE DES MUGUETS | D10: 31700 | E10: BLAGNAC | G10: N/A | P10: T4 | Q10: 35002255 | S10: 2255 | U10: Non communiqué | W10: 654698984545
A11: Immeuble | C11: 9 RUE DES MUGUETS | D11: 31700 | E11: BLAGNAC | G11: N/A | P11: T4 | Q11: 35002256 | S11: 2256 | U11: Non communiqué | W11: 156549898987
A12: Immeuble | C12: 9 RUE DES MUGUETS | D12: 31700 | E12: BLAGNAC | G12: N/A | P12: T4 | Q12: 35002257 | S12: 2257 | U12: Non communiqué | W12: 984564789625
A13: Immeuble | C13: 9 RUE DES MUGUETS | D13: 31700 | E13: BLAGNAC | G13: N/A | P13: T4 | Q13: 35002258 | S13: 2258 | U13: Non communiqué | W13: 745564654888
A14: Immeuble | C14: 9 RUE DES MUGUETS | D14: 31700 | E14: BLAGNAC | G14: N/A | P14: T4 | Q14: 35002259 | S14: 2259 | U14: Non communiqué | W14: 545655654947
... A63: Immeuble | C63: 6 RUE DES MIMOSAS | D63: 31700 | E63: BLAGNAC | G63: N/A | P63: T2 | Q63: 38002478 | S63: 2478 | U63: Non communiqué | W63: 745212876968

Sheet Logement avec ou  sans annexes
B1: Colonnes Patrimoine | C1: Exemple | D1: Contenu obligatoire
A3: BASE LISTING | B3: ='Listing vierge'!A1 -> Bien / Type de bien | C3: Immeuble | D3: Au choix parmi : Agricole, Artisanat, Bureau, Commerce, Crèche, Enseignement primaire, Enseignement secondaire, Etablissements sanitaires, Garage automobile, Immeuble, Industrie, Maison, Non communiqué, Site, Autre, Port / Navire, Château, Train, Gîte, Site sportif
B4: ='Listing vierge'!B1 -> Bien / Référence patrimoine | C4: REZSNCF001X124578
B5: ='Listing vierge'!C1 -> Adresse / Adresse | C5: 19 Rue du Château
B6: ='Listing vierge'!D1 -> Adresse / Code postale | C6: 77310 | D6: 5 chiffres sans espace et sans séparateur
B7: ='Listing vierge'!E1 -> Adresse / Ville | C7: Boissise-le-Roi
B8: ='Listing vierge'!F1 -> Adresse / Complément | C8: Face au Parc des etangs
B9: ='Listing vierge'!G1 -> Bâtiment / Nom | C9: Batiment S2 | D9: Si pas de donnée, N/A indiqué par défaut
B10: ='Listing vierge'!H1 -> Bâtiment / Référence patrimoine | C10: REZSNCF002X789456
B11: ='Listing vierge'!I1 -> Bâtiment / Nb étage | C11: 10
B12: ='Listing vierge'!J1 -> Bâtiment / Références cadastrales | C12: 103
B13: ='Listing vierge'!K1 -> Bâtiment / Date de permis de construire | C13: 30/10/1982 | D13: Format date jj/mm/aaaa
B14: ='Listing vierge'!L1 -> Bâtiment / Date de construction | C14: 27/10/1987 | D14: Format date jj/mm/aaaa
B15: ='Listing vierge'!M1 -> Bâtiment / Est une copropriété | C15: oui | D15: Au choix parmi : Oui, Non, Inconnu
B16: ='Listing vierge'!N1 -> Bâtiment / Etat | C16: Ancien
B17: ='Listing vierge'!O1 -> Bâtiment / Type de chauffage | C17: Collectif gaz de plus de 15 ans | D17: Au choix parmi : Collectif fioul, Collectif gaz de plus de 15 ans, Collectif gaz de moins de 15 ans, Energies renouvelables Autre, Individuel bois, Individuel électrique de plus de 15 ans, Individuel électrique de moins de 15 ans, Individuel fioul, Individuel gaz de plus de 15 ans, Individuel gaz de moins de 15 ans, Réseau chaleur, Aucun, Non communiqué, Autre, Absence chauffage, Inconnu
B18: ='Listing vierge'!P1 -> Logement / Type | C18: T2 | D18: Au choix parmi : Studio, T1, T2, T3, T4, T5, T6, Plus de 6 pièces, Non communiqué, Autre, Navire, Château, Bureau, Loge, Commerce, Centrale nucléaire
B19: ='Listing vierge'!Q1 -> Logement / Référence patrimoine | C19: REZSNCF003X26454
B20: ='Listing vierge'!R1 -> Logement / Etage | C20: 2
B21: ='Listing vierge'!S1 -> Logement / Numéro | C21: 211
B22: ='Listing vierge'!T1 -> Logement / Superficie | C22: 70
B23: ='Listing vierge'!U1 -> Logement / Type de chauffage | C23: Collectif gaz de plus de 15 ans | D23: Au choix parmi : Collectif fioul, Collectif gaz de plus de 15 ans, Collectif gaz de moins de 15 ans, Energies renouvelables Autre, Individuel bois, Individuel électrique de plus de 15 ans, Individuel électrique de moins de 15 ans, Individuel fioul, Individuel gaz de plus de 15 ans, Individuel gaz de moins de 15 ans, Réseau chaleur, Aucun, Non communiqué, Autre, Absence chauffage, Inconnu
B24: ='Listing vierge'!V1 -> Logement / Date de libération du logement | C24: 27/03/2023
B25: Si besoin, rajouter les contacts
A26: CONTACTS | B26: ='Listing vierge'!X1 -> Contact sur place / Civilité | C26: Madame | D26: Au choix parmi : Madame, Monsieur
B27: ='Listing vierge'!Y1 -> Contact sur place / Nom | C27: BERGAMOTTE
B28: ='Listing vierge'!Z1 -> Contact sur place / Prénom | C28: Brigitte
B29: ='Listing vierge'!AA1 -> Contact sur place / Téléphone | C29: 0689745621 | D29: 10 chiffres sans séparateur
B30: ='Listing vierge'!AB1 -> Contact sur place / Mail | C30: bbergamotte@gmail.com | D30: e-mail avec @
B31: Si besoin, rajouter les annexes
A32: ANNEXES | B32: ='Listing vierge'!AC1 -> Annexe / Type d'Annexe | C32: Cave | D32: Au choix parmi : Abri de jardin, Appentis, Atelier, Auvent, Cabanon, Cave, Cellier, Chaufferie, Clapier, Débarras, Entrepôt, Gaine technique, Garage, Grange, Hangar, Local, Local électrique, Local Technique, Parking, Poulailler, Remise, Réserve, Non communiqué, Autre, Bâtiment complet, Cage d'escalier, Ascenseur, Façades, Toitures, Hall d'immeuble, Balcon, Transformateur, Voirie, Terrain, Extérieur, Grenier, Dépendance, Sous-station
B33: ='Listing vierge'!AD1 -> Annexe / Référence patrimoine | C33: REZSNCF004X234878
B34: ='Listing vierge'!AE1 -> Annexe / Étage | C34: -1
B35: ='Listing vierge'!AF1 -> Annexe / Superficie | C35: 20
B36: ='Listing vierge'!AG1 -> Annexe / Est une partie commune | C36: non | D36: Au choix parmi : Oui, Non
B37: ='Listing vierge'!AH1 -> Annexe / Type de chauffage | C37: Aucun | D37: Au choix parmi : Collectif fioul, Collectif gaz de plus de 15 ans, Collectif gaz de moins de 15 ans, Energies renouvelables Autre, Individuel bois, Individuel électrique de plus de 15 ans, Individuel électrique de moins de 15 ans, Individuel fioul, Individuel gaz de plus de 15 ans, Individuel gaz de moins de 15 ans, Réseau chaleur, Aucun, Non communiqué, Autre, Absence chauffage, Inconnu
B39: LEGENDE | C39: REGLES
B40: Colonne obligatoire à remplir | C40: - Remplir les colonnes obligatoires de la base listing pour avoir un import de listing qui fonctionne dans Calypso
B41: Facultatif | C41: - Possibilité de rajouter l'option Contacts et/ou l'option Annexes en renseignant, au minimum, leurs colonnes obligatoires

Sheet Annexes seules
B1: Colonnes Patrimoine | C1: Exemple | D1: Contenu obligatoire
A3: BASE LISTING | B3: ='Listing vierge'!A1 -> Bien / Type de bien | C3: Immeuble | D3: Au choix parmi : Agricole, Artisanat, Bureau, Commerce, Crèche, Enseignement primaire, Enseignement secondaire, Etablissements sanitaires, Garage automobile, Immeuble, Industrie, Maison, Non communiqué, Site, Autre, Port / Navire, Château, Train, Gîte, Site sportif
B4: ='Listing vierge'!B1 -> Bien / Référence patrimoine | C4: REZSNCF001X124578
B5: ='Listing vierge'!C1 -> Adresse / Adresse | C5: 19 Rue du Château
B6: ='Listing vierge'!D1 -> Adresse / Code postale | C6: 77310 | D6: 5 chiffres sans espace et sans séparateur
B7: ='Listing vierge'!E1 -> Adresse / Ville | C7: Boissise-le-Roi
B8: ='Listing vierge'!F1 -> Adresse / Complément | C8: Face au Parc des etangs
B9: ='Listing vierge'!G1 -> Bâtiment / Nom | C9: Batiment S2 | D9: Si pas de donnée, N/A indiqué par défaut
B10: ='Listing vierge'!H1 -> Bâtiment / Référence patrimoine | C10: REZSNCF002X789456
B11: ='Listing vierge'!I1 -> Bâtiment / Nb étage | C11: 10
B12: ='Listing vierge'!J1 -> Bâtiment / Références cadastrales | C12: 103
B13: ='Listing vierge'!K1 -> Bâtiment / Date de permis de construire | C13: 30/10/1982 | D13: Format date jj/mm/aaaa
B14: ='Listing vierge'!L1 -> Bâtiment / Date de construction | C14: 27/10/1987 | D14: Format date jj/mm/aaaa
B15: ='Listing vierge'!M1 -> Bâtiment / Est une copropriété | C15: oui | D15: Au choix parmi : Oui, Non, Inconnu
B16: ='Listing vierge'!N1 -> Bâtiment / Etat | C16: Ancien
B17: ='Listing vierge'!O1 -> Bâtiment / Type de chauffage | C17: Collectif gaz de plus de 15 ans | D17: Au choix parmi : Collectif fioul, Collectif gaz de plus de 15 ans, Collectif gaz de moins de 15 ans, Energies renouvelables Autre, Individuel bois, Individuel électrique de plus de 15 ans, Individuel électrique de moins de 15 ans, Individuel fioul, Individuel gaz de plus de 15 ans, Individuel gaz de moins de 15 ans, Réseau chaleur, Aucun, Non communiqué, Autre, Absence chauffage, Inconnu
B18: ='Listing vierge'!P1 -> Logement / Type | C18: T2 | D18: Au choix parmi : Studio, T1, T2, T3, T4, T5, T6, Plus de 6 pièces, Non communiqué, Autre, Navire, Château, Bureau, Loge, Commerce, Centrale nucléaire
B19: ='Listing vierge'!Q1 -> Logement / Référence patrimoine | C19: REZSNCF003X26454
B20: ='Listing vierge'!R1 -> Logement / Etage | C20: 2
B21: ='Listing vierge'!S1 -> Logement / Numéro | C21: 211
B22: ='Listing vierge'!T1 -> Logement / Superficie | C22: 70
B23: ='Listing vierge'!U1 -> Logement / Type de chauffage | C23: Collectif gaz de plus de 15 ans | D23: Au choix parmi : Collectif fioul, Collectif gaz de plus de 15 ans, Collectif gaz de moins de 15 ans, Energies renouvelables Autre, Individuel bois, Individuel électrique de plus de 15 ans, Individuel électrique de moins de 15 ans, Individuel fioul, Individuel gaz de plus de 15 ans, Individuel gaz de moins de 15 ans, Réseau chaleur, Aucun, Non communiqué, Autre, Absence chauffage, Inconnu
B24: ='Listing vierge'!V1 -> Logement / Date de libération du logement | C24: 27/03/2023
B25: Si besoin, rajouter les contacts
A26: CONTACTS | B26: ='Listing vierge'!X1 -> Contact sur place / Civilité | C26: Madame | D26: Au choix parmi : Madame, Monsieur
B27: ='Listing vierge'!Y1 -> Contact sur place / Nom | C27: BERGAMOTTE
B28: ='Listing vierge'!Z1 -> Contact sur place / Prénom | C28: Brigitte
B29: ='Listing vierge'!AA1 -> Contact sur place / Téléphone | C29: 0689745621 | D29: 10 chiffres sans séparateur
B30: ='Listing vierge'!AB1 -> Contact sur place / Mail | C30: bbergamotte@gmail.com | D30: UNIQUEMENT DU COPIER COLLER
B31: Si besoin, rajouter les annexes
A32: ANNEXES | B32: ='Listing vierge'!AC1 -> Annexe / Type d'Annexe | C32: Cave | D32: Au choix parmi : Abri de jardin, Appentis, Atelier, Auvent, Cabanon, Cave, Cellier, Chaufferie, Clapier, Débarras, Entrepôt, Gaine technique, Garage, Grange, Hangar, Local, Local électrique, Local Technique, Parking, Poulailler, Remise, Réserve, Non communiqué, Autre, Bâtiment complet, Cage d'escalier, Ascenseur, Façades, Toitures, Hall d'immeuble, Balcon, Transformateur, Voirie, Terrain, Extérieur, Grenier, Dépendance, Sous-station
B33: ='Listing vierge'!AD1 -> Annexe / Référence patrimoine | C33: REZSNCF004X234878
B34: ='Listing vierge'!AE1 -> Annexe / Étage | C34: -1
B35: ='Listing vierge'!AF1 -> Annexe / Superficie | C35: 20
B36: ='Listing vierge'!AG1 -> Annexe / Est une partie commune | C36: non | D36: Au choix parmi : Oui, Non
B37: ='Listing vierge'!AH1 -> Annexe / Type de chauffage | C37: Aucun | D37: Au choix parmi : Collectif fioul, Collectif gaz de plus de 15 ans, Collectif gaz de moins de 15 ans, Energies renouvelables Autre, Individuel bois, Individuel électrique de plus de 15 ans, Individuel électrique de moins de 15 ans, Individuel fioul, Individuel gaz de plus de 15 ans, Individuel gaz de moins de 15 ans, Réseau chaleur, Aucun, Non communiqué, Autre, Absence chauffage, Inconnu
B39: LEGENDE | C39: REGLES
B40: Colonne obligatoire à remplir | C40: - Remplir les colonnes obligatoires en rouge pour avoir un import de listing qui fonctionne dans Calypso
B41: Facultatif | C41: - Exception pour les listings d'annexes (sans logement) : ne pas prendre le module Logement, mais Annexe
B42: Ne pas remplir

Sheet Références
A1: Type de bien | C1: Est une copro | E1: Chauffage | I1: Dates | K1: Type | M1: Type d'annexe
A2: Agricole | C2: Oui | E2: Collectif fioul | I2: 01/01/1550 | K2: Studio | M2: Abri de jardin
A3: Artisanat | C3: Non | E3: Collectif gaz de plus de 15 ans | I3: 401404 | K3: T1 | M3: Appentis
A4: Bureau | C4: Inconnu | E4: Collectif gaz de moins de 15 ans | K4: T2 | M4: Atelier
A5: Commerce | E5: Energies renouvelables Autre | K5: T3 | M5: Auvent
A6: Crèche | E6: Individuel bois | K6: T4 | M6: Cabanon
A7: Enseignement primaire | C7: Civilité | E7: Individuel électrique de plus de 15 ans | K7: T5 | M7: Cave
A8: Enseignement secondaire | C8: Madame | E8: Individuel électrique de moins de 15 ans | K8: T6 | M8: Cellier
A9: Etablissements sanitaires | C9: Monsieur | E9: Individuel fioul | K9: Plus de 6 pièces | M9: Chaufferie
A10: Garage automobile | E10: Individuel gaz de plus de 15 ans | K10: Non communiqué | M10: Clapier
A11: Immeuble | E11: Individuel gaz de moins de 15 ans | K11: Autre | M11: Débarras
A12: Industrie | E12: Réseau chaleur | K12: Navire | M12: Entrepôt
A13: Maison | E13: Aucun | K13: Château | M13: Gaine technique
A14: Non communiqué | E14: Non communiqué | K14: Bureau | M14: Garage
A15: Site | E15: Autre | K15: Loge | M15: Grange
A16: Autre | E16: Absence chauffage | K16: Commerce | M16: Hangar
A17: Port / Navire | K17: Centrale nucléaire | M17: Local
A18: Château | M18: Local électrique
A19: Train | M19: Local Technique
A20: Gîte | M20: Parking
A21: Site sportif | M21: Poulailler
M22: Remise
M23: Réserve
M24: Non communiqué
M25: Autre
M26: Bâtiment complet
M27: Cage d'escalier
M28: Ascenseur
M29: Façades
M30: Toitures
M31: Hall d'immeuble
M32: Balcon
M33: Transformateur
... M39: Sous-station
